Feature1,Feature2,Feature3,Target
37.454011884736246,37.92646856078981,31.10797573031718,355.7245355408654
95.07143064099162,31.443854653764816,52.514056842701486,343.75456328891926
73.1993941811405,22.38110465145311,72.37675015258449,207.6926197419307
59.86584841970366,42.551800788277944,63.93349318457367,302.3743482878469
15.601864044243651,37.38924690215517,68.39366887168698,314.0586856357571
15.599452033620265,16.504677573795654,59.527002002643044,319.64683426907015
5.8083612168199465,46.4370873797537,61.53659387107115,374.05171076819965
86.61761457749351,42.90148971692676,70.95173909391916,360.0807640180635
60.11150117432088,47.99199653167696,34.98008053155115,382.3715278380334
70.80725777960456,39.0287803355344,49.36549781858843,429.46497846263844
2.0584494295802447,34.536607837431596,33.27256650917613,443.89572161482806
96.99098521619943,26.729721451624755,79.26008047979883,415.4369228679483
83.24426408004217,47.309139334160534,76.64356038119679,486.6571087864804
21.233911067827616,44.642555580016335,22.365608682110356,205.4697748029085
18.182496720710063,11.808746804247576,62.33451035094131,258.7333957050638
18.34045098534338,11.054678979890081,75.51489904493995,202.26886249344264
30.42422429595377,25.058534675121983,30.83452070764001,394.2424142463809
52.475643163223786,42.422133231273314,54.07671383315777,469.4091646849961
43.194501864211574,49.49104517259778,74.92929785528251,273.0446889728898
29.122914019804192,16.016675644141127,22.03675871514793,478.110363438892
61.18528947223795,33.7652286140854,61.84521603481039,218.08021708686826
13.949386065204184,25.23563426524086,37.840940442353045,480.3308080416543
29.214464853521815,48.79657591258413,75.46377172259182,305.4868061718903
36.63618432936917,43.684756925428346,78.26349470992207,230.42624853476497
45.606998421703594,43.533148188445516,76.65598934680604,345.7615277558977
78.51759613930136,28.74772639179881,48.45285299944783,277.0329703161524
19.967378215835975,26.592780093506608,71.72255905935882,285.46187058857686
51.42344384136116,20.93628287722825,70.67296391210422,292.18698947788596
59.24145688620425,12.255019866037085,39.146028394595334,440.907769349799
4.645041271999773,44.588895050202126,69.73492844904064,361.74838300257636
60.75448519014384,42.516040365203104,22.220458082929557,293.39230974680106
17.052412368729154,49.98870693144522,55.77619270892318,383.1001349932755
6.505159298527952,49.86547348295622,33.80053023726218,414.84520226695804
94.88855372533332,32.2172682241051,27.234013146636727,281.78720022006013
96.56320330745594,40.75949660722042,24.61719209775255,324.06473045760544
80.83973481164611,47.79062919529712,61.777326552688386,236.56582800108427
30.46137691733707,43.98589562709646,40.39249782608397,254.3448048604041
9.767211400638388,19.893924069727905,63.48600629172569,404.33535618949486
68.42330265121569,28.02176541240374,23.921380447936542,254.4315043086881
44.01524937396013,15.1663766060598,38.91742026983662,357.549015100118
12.203823484477883,48.16204109034889,52.36947754252023,412.7138785167298
49.51769101112702,34.246985378035205,67.44338989033781,232.06307692842316
3.4388521115218396,19.14571222013851,39.12515017592419,370.19366588867103
90.9320402078782,36.86802737623427,57.55348258622055,276.96883511040915
25.87799816000169,34.72512961831583,73.15866489417124,488.8780625712739
66.2522284353982,24.32650872131362,56.951791290938274,345.0636940159774
31.171107608941096,14.54230368798516,33.97756848521803,441.79776493254747
52.00680211778108,36.862927823711985,21.464046893392283,365.0679626468785
54.67102793432797,30.812308036151734,72.2059324340558,213.02375985644574
18.485445552552704,40.892735669425576,21.27616465102323,389.9454126782067
96.95846277645586,30.806540044479735,72.48210036105196,485.4210026619971
77.51328233611146,44.0872600127416,51.73622804163272,380.48354604389937
93.9498941564189,32.07627355097942,76.34406191077377,445.7566578280371
89.48273504276489,32.437518861415455,67.92699414641993,465.26193900452233
59.78999788110851,45.0661441063338,79.87604663200025,268.42393158467974
92.18742350231169,26.139314648495883,41.04270892710261,263.613451972468
8.84925020519195,15.36060913802563,66.0312973358676,383.29429665529756
19.59828624191452,11.151307052533559,44.11585481655453,323.3085409420114
4.522728891053807,40.20549022694476,48.79253721823453,451.9583908600161
32.53303307632643,34.81238205413859,57.65032779310221,470.0069370194033
38.8677289689482,38.16319072396894,72.42062685118032,306.02641379081547
27.134903177389592,18.51856646035643,79.04500815195772,271.0611676923446
82.87375091519293,15.45485902347079,66.0964048318711,434.15765457315854
35.67533266935893,10.581786626715278,45.066006930040025,282.4418106644408
28.093450968738075,24.02350235226388,45.281420136624206,446.78429555410355
54.26960831582485,33.59670747418532,64.25493809533349,327.12147609462886
14.092422497476264,25.689761803989292,34.32662874609814,400.26496978744115
80.21969807540397,27.498996880949164,26.62844678788368,228.66059415040044
7.455064367977082,46.166347779749934,41.27732945844659,387.15779740297194
98.68869366005173,23.930218680932015,37.2343394992449,335.53030362116874
77.22447692966574,30.559579566392433,37.778487227359406,375.98253895264224
19.87156815341724,41.34612050964572,34.0164650629946,250.40426232345902
0.5522117123602399,25.861711292850806,22.525591378181712,421.0621234832546
81.54614284548342,34.883468009114935,21.072436084004828,458.83912326296854
70.68573438476172,44.49454834986981,79.26334338416189,265.0219400272327
72.90071680409874,47.98082494630569,45.66638802415174,228.71436665604853
77.12703466859458,15.882939237161517,43.0595988295809,207.09157581390093
7.4044651734090365,47.06350500645978,60.77883696158419,392.59145013297984
35.84657285442726,29.684651723181528,33.09523327190385,382.12821082663424
11.586905952512971,20.329775531958333,76.99767103701352,364.009223814221
86.31034258755935,28.36543024953045,67.18070086493313,269.58412883479264
62.329812682755794,49.201303011419085,25.364660138735573,317.2717987716544
33.08980248526492,29.704723759714785,45.0548465470957,378.3429005558519
6.355835028602364,23.150064411500328,72.74709845372988,349.03005765775083
31.09823217156622,35.33603417266903,76.68392133748462,496.3356560644662
32.518332202674706,19.605824751127724,48.044090674992184,240.93192576701995
72.96061783380641,13.034533124346556,56.80468335264246,408.54336621427814
63.75574713552131,15.155188876425969,30.02203676552451,321.29563043128763
88.72127425763266,15.121833558310897,79.4701175682186,328.45988447768445
47.22149251619493,16.076107740491775,33.90030208300661,415.2793296974529
11.959424593830171,15.553086905976405,76.56390644810753,407.7308453973109
71.3244787222995,35.634989792128586,58.97879893954211,497.37679811065647
76.07850486168974,17.275203375965795,56.46420769273155,238.51828683623756
56.127719756949624,23.82669133295453,50.76131066099052,231.2328948152499
77.0967179954561,45.87153639624047,33.84018870306552,417.30164513862235
49.379559636439076,28.958465610514892,30.591681920330494,373.51607510192275
52.27328293819941,36.702309540841085,33.22917254421052,282.2481999679418
42.75410183585496,16.892794848065193,31.18629572865527,223.82581069669598
2.541912674409519,17.69156075234683,66.7750684140052,225.69747487892917
10.789142699330444,11.634744650659155,41.0075155500038,468.25726239923546
3.142918568673425,16.757402522886583,23.470560593803782,257.5601974156229
63.64104112637804,21.143613561278343,78.14615780844868,297.01146863465624
31.435598107632668,17.080419371069873,73.02715309780554,267.99692066809644
50.85706911647028,13.548101350282224,75.66513699171279,306.49889174958116
90.7566473926093,14.825434844024032,79.69446935878611,220.82715282382802
24.929222914887493,28.43115072130903,30.433714953169236,355.7179372724811
41.038292303562976,18.2533487362317,43.77452113415953,220.28376907766446
75.55511385430486,24.57079444192302,65.49430854224548,440.10695234670845
22.879816549162246,30.136690834194276,61.761237083227535,270.1136245731299
7.697990982879299,37.615793145174614,29.233754380391304,362.0035743813532
28.9751452913768,11.572485593643957,68.94998749943707,464.0237262684375
16.122128725400444,41.976415956361706,33.46643431019964,395.2632107141583
92.96976523425731,35.11601557963631,33.42905688935738,359.88733596540055
80.8120379564417,13.270361277954876,52.218465373604815,297.30012593461265
63.34037565104234,44.94314496427109,55.576396090502186,299.9005739174594
87.14605901877177,46.83489602127253,54.80517247026867,400.84608655945704
80.36720768991145,12.44311839419455,25.489210243865294,498.24180836635026
18.657005888603585,21.07510592588815,72.64765175782281,398.5517569548136
89.25589984899777,42.24805119172245,35.93600255532236,367.33502521100746
53.93422419156507,39.93038761534633,27.77089527696825,419.1951530717738
80.74401551640625,17.38084077425509,73.32488479213863,339.56168368511544
89.60912999234932,18.373972933468412,77.3390898937852,218.04270278023557
31.800347497186387,24.81888411165528,71.72765703592704,368.689044763373
11.005192452767677,29.380919407640853,68.57096448349269,487.28758535161404
22.793516254194166,34.73019086121184,59.3145188383413,252.5908827072979
42.71077886262563,24.756545582790896,53.05144223654836,407.0014672461997
81.80147659224932,28.501388645325918,25.21920559468461,260.28010659771695
86.07305832563435,39.89883752535026,44.50719278424192,360.7483053419244
0.6952130531190703,11.467328115623916,42.36131102073884,229.00293489401588
51.07473025775657,20.09747777376083,35.585227025619574,335.11128087745556
41.7411003148779,38.5339834353821,63.4052068213151,426.8489986685738
22.210781047073024,45.808273507487975,49.75254410472625,304.27145727169466
11.98653673336828,30.467097684626644,24.862772954458876,399.4735173461654
33.7615171403628,31.284539410612627,33.21099211698868,438.63498823691873
94.29097039125192,14.286880453591042,60.995525819575754,478.1533458438358
32.320293202075526,27.896494672938186,24.56785156941801,270.39262455663606
51.87906217433661,31.304690658200926,71.07241484292612,319.79477474279247
70.30189588951778,19.698820145389185,49.70879162083846,245.72480399912524
36.3629602379294,20.769729237975238,48.83519463959888,497.7450506475126
97.17820827209607,25.091366524184906,55.544467079571056,478.1002903772886
96.24472949421113,10.802847911109055,69.48085795550895,361.9871390841679
25.178229582536417,22.88316662332713,40.86855247413158,452.60998831292636
49.72485058923854,18.457920279861785,60.68096915354381,356.28739318161263
30.087830981676966,23.099894087116585,53.94391783974746,387.0757064008279
28.484049437746762,14.790485272770049,36.02169621016528,226.73732963480498
3.6886947354532795,45.6210912295958,72.71779918130949,426.58112614904235
60.956433397989684,33.743698142161946,67.8455612964157,238.31404509057046
50.26790232288615,37.164092765779586,59.50711007950553,447.8202890757585
5.147875124998935,41.56684954429353,71.03490374565452,434.60842630111574
27.864646423661142,29.93768795716229,72.03765205758813,412.62340932289294
90.82658859666537,13.476811523496949,62.501778602902085,210.84811415742863
23.95618906669724,31.484261672741912,70.22079970182033,290.9385067835986
14.48948720912231,33.47364472083517,61.848287700157016,278.9337709732529
48.9452760277563,39.8175789673732,60.80844630561803,308.04092224145575
98.56504541106007,27.266381849187177,57.116682692911056,226.29282402915157
24.20552715115004,15.10321211182255,65.16299837345846,481.08734690931885
67.21355474058785,21.351036231948978,29.516306317584423,366.1406722137129
76.16196153287176,24.523291855945402,72.85224555193571,291.65729319740706
23.763754399239968,35.836689653264045,72.31061166471392,319.094455122285
72.82163486118596,32.83113218675648,21.75483698207355,334.1607621514507
36.77831327192532,24.24386903591385,69.54900503388576,380.17830000818515
63.23058305935795,49.460609951719185,27.732192048406713,354.70382830894937
63.35297107608947,34.230992774275485,40.10713125554851,475.81759196432523
53.57746840747585,19.48907166943978,64.61049537749646,349.0890448717491
9.02897700544083,14.07129890481615,29.645593762898493,497.6474044469938
83.5302495589238,16.11436556737328,69.07802144714373,455.42748732352874
32.07800649717358,19.838309135380324,69.92805067746451,262.55315430720077
18.651851039985424,16.427254930382226,50.44806402565017,479.1785643931749
4.077514155476392,17.462680962052232,20.383152303010014,234.90991936564282
59.08929431882418,21.403806747753883,37.22228799049476,445.23491254735745
67.75643618422824,16.93494381179019,57.01561510254453,314.186988042974
1.6587828927856152,45.870616985057005,78.87117068164541,463.39229613352086
51.2093058299281,13.209349826465688,57.908811621000105,460.4170070322351
22.649577519793795,30.980455582810187,35.588214863849586,441.7776200352863
64.51727904094498,26.41587307958646,58.040342185976684,437.0091308921184
17.436642900499145,49.29514467634426,52.39912278295133,291.4037417294122
69.09377381024659,14.481556086722094,66.79072370906862,224.27578491537565
38.67353463005374,25.914223961829666,26.418838329617504,320.89405362954847
93.67299887367345,48.77881733101476,65.66167415012168,252.0573544959526
13.752094414599325,44.62028503575921,52.47599472056662,408.4853266707385
34.10663510502585,42.6828828379712,77.77952023153968,303.8299179613357
11.347352124058908,20.316113081797592,40.51232996232116,492.6830602579745
92.46936182785628,16.835503495602634,57.95731358803689,392.2916232035996
87.7339353380981,36.74572879697724,75.92168633060105,446.7441690903083
25.79416277151556,47.17503956510343,26.150583679440757,239.75740182255453
65.99840460341791,32.27051572055719,76.23370923418707,458.60434468178676
81.72222002012158,32.864507578795994,61.273143338048804,476.8271571540183
55.52008115994623,21.199163746411365,24.070223546310316,346.1185756456808
52.965057835600646,40.779717327677474,38.057814016808976,381.8758813252932
24.18522909004517,17.481749942300937,62.4903253187169,429.44294027089865
9.310276780589922,22.947169456169746,24.0410360881263,252.45158817812376
89.72157579533267,27.017457544656672,54.930227610576395,350.76982293903274
90.04180571633304,30.3044151473782,40.752983417177404,319.5989083316939
63.31014572732679,19.696389296603208,57.25493106604863,243.91219764867475
33.90297910487007,14.593472989568141,22.744522028750772,310.26032668745944
34.92095746126609,34.4248016976653,72.29220836914257,220.45169281564807
72.59556788702393,21.54522212961023,78.4093381506438,207.7435720848461
89.71102599525771,33.24952885690449,78.13267131714149,240.54988674644682
88.70864242651173,16.174508610968093,64.97910990457548,488.93453347675216
77.98755458576238,29.2456040741927,27.805174407837917,364.8588607685051
64.20316461542878,31.303577302063434,65.49579175574135,489.746648345966
8.413996499504883,12.072941472897076,21.47521498752809,329.7493634990396
16.162871409461378,23.464171127756824,21.327413091739835,293.5448399255779
89.85541885270793,15.37658707755897,39.41661314897247,351.84255885207324
60.642905965958995,12.53499881891071,49.318591424279944,331.85350658987306
0.9197051616629648,49.59840929559781,66.22444506846759,231.69940527852316
10.147154286603211,22.894153798988917,60.99772259639031,392.24789440706184
66.35017691080559,42.3949778341854,46.7541623826049,264.81145475287985
0.5061583846218687,20.185626190550554,36.41759997689995,385.87638646934886
16.080805141749867,37.26010888895717,79.82747000946267,395.06032771944604
54.87337893665861,40.409114395587466,45.57087813415838,245.60745593859443
69.18951976926932,33.82554962431377,47.08322145978053,218.40488813320044
65.19612595026005,28.863047542006335,29.817429271500153,434.2284758205319
22.42693094605598,26.473636565890743,67.68857292499575,337.94012713079604
71.2179221347536,23.95473066171981,61.62093354688932,217.44913865164273
23.724908749680008,47.18116576991304,33.24617676732562,498.45989515093015
32.539969815926774,43.22477631150917,24.942862736950563,217.33416829891
74.64914051180241,48.601076426660505,60.829958124482786,408.51056865756595
64.96328990472146,14.971888939421788,59.27067285686812,495.10367757902407
84.9223410494178,39.23469900814577,36.395571619892564,271.75403126477767
65.76128923003434,47.533618272841515,77.05181373502462,242.67481060615884
56.830860333547164,17.249322646626407,29.063473506854013,236.41548182672867
9.367476782809248,12.6598506946711,45.940088062556114,290.98254427027865
36.77158030594335,39.64482597160236,76.61695521005593,230.313743303194
26.520236768172545,32.978924527196476,45.18363901556734,407.64840250823954
24.398964337908357,43.67315107033088,58.31155685984513,218.6875394390188
97.30105547524455,15.59089506505158,43.855663877767654,352.8266384449369
39.30977246667604,41.81069247439561,36.452912140920205,499.00905615589306
89.20465551771133,18.06509280190978,79.0386588775897,444.1910808518056
63.11386259972629,16.54623771462818,44.560040378902585,384.56583146930325
79.48113035416485,16.570631917239716,73.64595222074806,291.8760862359835
50.26370931051921,42.58298880925528,33.79727635346517,387.16875088749157
57.69038846263591,36.607888827848,32.786282241505,358.1124391734955
49.25176938188639,30.922616990764773,21.86804497307068,327.8250151671115
19.52429877980445,24.3532193649401,59.1000095225531,239.21311302205984
72.24521152615053,45.08802163252433,42.11158062342567,465.98126457214
28.07723624408558,25.697804296905417,71.86149499037822,334.93539464639673
2.431596643145384,42.66397757886308,48.392594401493426,258.3867535462295
64.54722959071678,27.565396342808736,78.09160567488331,310.32780526318686
17.711067940704893,25.077777176996303,31.13153094218727,324.2389257586781
94.04585843529144,28.507191426784257,72.11739007733664,448.2613686700623
95.39285770025873,22.055114966565682,66.59581116750451,420.08431416842063
91.48643902204485,39.904375207050045,66.25531067864313,430.79146809240194
37.01587002554444,30.108815603699167,70.68699368701326,203.30937932859416
1.5456616528867428,19.28850780587269,65.66143945657993,324.8461994539284
92.83185625877253,45.982982930982736,57.573219297884926,344.4032454905971
42.81841483173143,25.355648854928457,27.874692660943253,205.757683046917
96.66548190436696,31.742114444559544,21.951570769475115,277.9439626235103
96.36199770892529,46.25888443858188,75.2508708689412,428.0869469366405
85.300945546736,34.969519836559684,56.99901887124428,241.13291171869972
29.444889206958567,14.675921628334564,67.79223745857058,360.5930394357775
38.50977286019253,47.59328494453901,48.891341090753,264.56056160517124
85.11366715168569,35.10832212285671,27.038491337743668,203.63623239316797
31.692200515627768,23.396224586283445,27.511147532153025,272.3604372798624
16.94927466860925,15.570882906535491,61.13391723373828,492.7621264730161
55.68012624583501,41.76100757081184,45.818353693967765,440.46113356489684
93.6154774160781,34.80291023714054,32.0314836020202,487.87299329631
69.6029796674973,31.33844367905286,49.49567280448621,346.3562131779087
57.0061170089365,45.75570332203831,23.852536224508047,232.92085960325105
9.717649377076853,41.54388844898123,54.91828411486393,364.3878466921079
61.500722669916975,16.06699518931005,36.13960426610586,336.31320036798826
99.00538501042632,22.46888271182193,67.85354603823129,453.3071248218848
14.008401523652402,19.93956559257863,38.621717535414426,229.4247742352734
51.832965236373674,39.757851702907075,47.31320894490807,346.47234110653346
87.73730719279554,11.341297389431176,20.697232394486036,245.0145994081953
74.07686177542044,32.79558739485266,24.346813267673532,297.402778067018
69.7015740995268,40.49834742962762,43.549613384401084,421.20712321633994
70.24840839871092,45.07062547046998,48.796330083027414,342.80543881063
35.94911512197552,23.683269948636298,56.001232887158224,312.7664855437308
29.359184426449335,42.850292186880516,37.499754722558194,318.3428835710106
80.93611554785136,14.425269478208289,61.69891316759255,337.83403052179597
81.01133946791808,43.85809166938073,71.60734383135227,435.50496315111707
86.70723185801037,15.099546493279297,66.791059333601,467.6254066820703
91.32405525564712,25.89149162241469,22.377129520901427,486.60040595117846
51.13423988609378,41.89181463118214,48.830416835469734,436.0710158765885
50.15162946871996,15.996697093950951,26.295810705090492,294.6220687244038
79.82951789667752,19.17005580930566,34.522700951751645,406.44041182596266
64.99639307777652,38.89010273572265,79.19975559602878,331.2809372166176
70.19668772577033,38.801461461842976,28.549732574090793,276.40118661381536
79.57926694361011,35.645905315411895,49.933289207081366,452.2614738277768
89.00053418175663,37.757937778684,57.089344059087146,211.5279046886975
33.79951568515358,31.708977733903847,62.147898232646234,470.5285976406271
37.5582952639944,20.07196235627811,53.578921009214845,338.44323938742025
9.3981939840869,23.827839740156776,20.58625084515102,391.16044304248413
57.8280140996174,17.263908672057028,39.58767849463951,397.8061766617348
3.5942273796742086,46.33802245334513,51.06269860308269,468.53532221196093
46.55980181324602,33.33567179064482,25.27198994869,391.00090465016217
54.26446347075766,26.034056670545596,41.037615872550845,384.18007542801854
28.65412521282844,28.480232145765306,21.992186527481994,219.995612168207
59.08332605690107,47.89133358447261,24.714709829301245,355.52240658356124
3.050024993904943,16.13405612464321,43.815396572095764,245.0507002451125
3.7348188749214417,33.44919328067189,27.962945242583622,421.23013061644565
82.26005606596583,30.23554715537864,54.05245089569349,353.66657624380235
36.019064141126286,34.45816941738592,61.367898148235945,404.068333762506
12.706051265188478,10.72440735283362,68.03520194654497,212.5018701807153
52.224326005480435,44.88495635776606,32.009014654688606,225.43760481374096
76.99935530986109,47.28473129934449,30.048954935544185,414.8970164188047
21.582102749684317,32.60532734356836,26.274070420064014,221.625300799602
62.28904758190003,37.86603295507569,58.1858149726182,221.3770183295776
8.5347464993768,46.89997524709183,62.388543589214066,203.63254257046623
5.16817211686077,38.28954537253594,21.895168689538522,486.950419489844
53.1354631568148,16.101561716570455,76.17273477462139,421.25250783770207
54.06351216101065,33.05153440667253,23.118277019088346,305.9754225506192
63.742990149820656,34.26860185531424,52.47778011806423,288.96067438629655
72.60913337226616,26.96522685209544,62.54363116705498,304.91096892375487
97.58520794625346,39.45776942498891,72.25814742476513,432.3960593543545
51.630034830119534,47.37468059076059,62.84521592794567,398.4111833211243
32.2956472941246,47.02274051627106,68.10368498418751,255.5586703602404
79.51861947687037,28.033574856165284,40.367011552568364,252.2328006002253
27.083225126207424,14.52952183363021,68.88950682479074,229.5186949140192
43.89714207056361,49.39364795849338,24.806890783080508,398.09081591040143
7.845638134226595,43.555923457837366,73.68899936363167,429.31179866652076
2.535074341545751,14.986507248130675,52.85554256922418,279.5139284975012
96.26484146779251,46.83367530469489,69.03786619774962,206.28348830927385
83.59801205122058,44.79585448248513,47.13909707109801,224.6515002429282
69.59742060936979,30.753522285042884,58.6146617117915,490.35801045350917
40.89529444142699,33.65101742979717,51.58415965616679,288.6334332432261
17.329432007084577,25.960108154805212,63.89537130531991,430.7669443514401
15.643704267108605,12.190465552881253,24.897798921835374,387.39907065627915
25.024289816459532,23.407889665836038,23.621125039433828,314.58189189586875
54.92266647061205,42.114137943920454,34.82619404060878,261.70617865866654
71.45959227000624,10.185280920184114,29.5726808067913,236.41592544782193
66.01973767177313,23.339966867645767,72.3070139955321,384.50389041166
27.993389694594285,25.926747743637733,33.15283924148266,432.3901341913364
95.48652806631941,31.495824117516914,78.55191534914788,393.1712760623392
73.78969166957685,46.79422465651042,40.213747506266415,359.0906399747475
55.43540525114007,23.853839774638452,30.927074941321955,212.58536702949087
61.17207462343522,23.87812807584911,67.38191042854875,490.54663327831514
41.96000624277899,39.500049924389934,59.52246653005257,439.6142574963724
24.773098950115745,28.088717635592285,49.89174298718834,287.8466110102894
35.597267865126156,18.98419291759928,53.321813056257874,493.9910988076552
75.78461104643691,28.097580645307737,63.15210669633583,380.56447689089663
1.4393488629755868,15.634280815191994,33.70728447987793,374.726797462174
11.607264050691624,17.055479460248932,79.78003496340452,424.4219538288596
4.600264202175275,29.934710909579188,78.487589728807,443.5309364270413
4.072880231897013,26.757017980181917,59.01954118081621,396.9435821994508
85.54605840110072,46.593836042724,31.972547055748706,238.42872390986003
70.36578593800236,24.495755964665324,60.81369454587748,301.4802517983495
47.41738290873252,33.22353401112174,24.33190453875055,478.4250920978149
9.783416065100148,35.29057151678121,21.839150132348365,267.3846835531556
49.16158751168324,10.523778263533345,35.46097331067282,311.650107151254
47.34717707805657,36.541494880668424,47.75737740435898,329.6230648832588
17.320186991001517,17.121438674790056,72.09635032450282,331.8214969083357
43.385164923797305,48.442812698778205,63.63014418597848,383.88187474835763
39.85047343973734,15.946509110124518,64.56239127199886,482.9227513234123
61.585009805221645,26.58496494908095,45.52960006688452,272.2078135497515
63.50936508676438,13.413986723145754,40.75609955281777,236.4504128902754
4.530400977204452,49.87497007383789,42.262325779076164,259.2411469579812
37.46126146264712,30.087800413249703,79.25897382416346,466.07747006278083
62.58599157142364,33.81540069280175,22.40655148474895,393.74324379656184
50.31362585800877,12.6830590955371,72.02188976734692,285.77203677174805
85.64898411883223,39.99841881596711,54.7205245143436,444.78408169058514
65.8693631618945,18.396223723823432,46.31692515137543,458.4109989090308
16.29344270814297,45.922171577628546,63.51545962490819,453.9543016070834
7.056874740042984,18.205585619280285,49.200136485482176,475.67796009186634
64.24192782063156,17.627508826546663,72.40539428489964,275.6723060520085
2.6511310541621813,11.461986713923796,74.04211184067552,426.5125786238835
58.57755812734633,28.882677804399968,45.30325561240733,338.161849182242
94.02302414249576,32.59364533050466,36.60966783410309,452.59956586701844
57.5474177875879,12.628345577134095,55.541019715601735,418.54720314848396
38.816992620652194,41.02110466780042,74.74180073700145,432.93423394991737
64.32882184423532,28.131553389921105,32.63973134033999,396.84855130432146
45.825289049151664,30.975610773103202,57.37799501380897,253.22863084091205
54.56167893159349,27.630509877529125,57.89361320555123,363.5080756690815
94.14648087765252,26.03052243501304,63.98678134491686,495.40092185735244
38.610263780077425,32.38561325232872,27.894061107635586,481.2164199491357
96.11905638239142,16.2096098372285,62.949497880925314,212.9521207391035
90.53506419560637,17.277125219810845,74.54195123993847,249.44444471883114
19.579113478929642,44.47142484054069,30.78098653221452,239.51863203636856
6.9361300875165455,47.84461848534531,34.25259949543266,417.79397299558866
10.077800137742665,24.932372651190118,78.28370564249838,445.33559895708356
1.8221825651549728,20.82978692574215,30.858617162569388,264.05340989320155
9.44429607559284,35.75998172956063,71.26310560217475,351.75580788554873
68.30067734163569,26.349366843923857,49.53667138688209,452.21090840336
7.118864846022898,11.015454226413794,34.833864464190626,419.8404634298752
31.89756302937613,16.246103894647614,72.24499407635068,362.6711616475545
84.48753109694546,38.6388891538959,46.71831530015993,377.10430713763185
2.3271935735825866,36.356957676406054,50.88904123578141,352.508164074884
81.44684825889358,11.08383970013934,41.55400216398594,289.2645353956462
28.185477477339994,18.878886477317977,55.57705108609564,369.50659785770483
11.816482762165625,19.242991863522857,29.811432355101367,406.6655906150272
69.67371653641507,36.87570974394914,43.46489219910564,461.9968747582423
62.8942846779884,10.788421510174565,78.16473934011725,390.8874061937744
87.74720135270529,14.164343279382955,35.48800596206765,428.3364611129474
73.50710438038858,41.996643414927576,59.404199872477534,248.0214904863719
80.34809303848486,17.141786482173345,39.511403853481696,338.467242325937
28.203457257130648,36.10984431407499,66.40838754119605,202.799485948128
17.743954377972283,19.52731124186906,27.85241964310099,274.0036593564869
75.06147516408583,13.977655710373806,78.18926270471269,417.9385145339014
80.6834739267264,19.726887639978163,47.22737248301836,497.54298540480903
99.05051420006733,38.89067727422636,34.16302780078784,229.75342987616477
41.26176769114265,44.22785872425143,24.40980483980076,320.4482947583865
37.201808579278314,43.208794582679666,30.185474305252445,440.02129060974784
77.64129607419969,25.887341184738194,51.186436913361064,261.21069038866966
34.08035402530179,36.723405462825845,40.22019058587718,366.5254847906859
93.07573256035647,18.19937181663284,69.73300195295657,419.9213888089024
85.84127518430118,21.72590921044053,45.85325141970836,384.7956350780537
42.89940273750184,45.85343274084479,34.92285635525779,256.40742038462486
75.08710677914974,10.52007694042944,57.0286991962418,306.6153706057218
75.45428740846823,13.420341234178723,62.40663301312675,435.1375353456192
10.31238688359326,18.315450205841092,30.02251447405699,366.267954239605
90.25529066795667,11.061288154952788,30.05715297729906,201.56888406287382
50.525237244785714,17.257417403591894,22.20028561601258,428.2972280084282
82.64574661077417,33.32166243878768,64.18412090393844,210.5934064820717
32.00496010306117,26.856982023699917,59.828271657308306,423.7201348193696
89.55232284962005,45.706868443078996,48.477852544988835,260.7441680495712
38.92016787341631,42.69774246953764,70.65022693815183,487.42204403581405
1.083765148029836,23.67269406791504,68.34020917700319,310.3822253906253
90.53819764192636,20.3769373372517,55.12126186380513,298.0794849014237
9.128667678613356,25.187696326690677,72.09627683079552,244.6664150997334
31.93136375904149,33.611797700592305,32.350472602206096,291.6812646470645
95.0061967050805,20.72254563291505,26.71517716386367,462.99522854846015
95.06071469375561,34.965956313965364,36.18497669101937,498.9003012881742
57.34378881232861,26.376466087649618,23.42521136535889,310.4928591520545
63.183721216979926,32.08188723407921,51.87017168006192,334.58318928636277
44.84455219783198,27.445061165412667,76.19634153769769,416.62128146082114
29.321077169806454,21.778630381676706,22.36061244011058,465.85873413952237
32.8664545369916,47.938132278486265,27.326594840601608,377.91330025603526
67.25184560770384,40.54423176639043,47.13194169700611,317.4577094533488
75.237452943768,15.604527030658101,76.0325010516743,323.78655225458715
79.15790437258485,44.73871903591651,38.96936629860503,408.68544394904205
78.96181427945538,29.497247929980546,50.43408852130355,200.9654790812836
9.120610304869036,45.78208907576366,22.494371543023526,385.87680123795224
49.442030470258146,41.99421023789261,28.900592057725333,306.64790313240724
5.755876001664428,27.008540178769337,79.19780737753081,438.2591993831253
54.95288823237355,10.898772332804697,77.90712178616273,227.89719194693964
44.1530501373377,20.747094375397843,20.296398856064577,376.46068008451715
88.77041827582998,31.665368586434678,77.10870712539435,344.29186696583713
35.09150125520787,35.33912879304589,58.34719626893002,392.69765777156823
11.706701642760587,20.315507417328092,72.07509767120132,219.4560783448905
14.299168205283586,15.574242962912965,47.28439133803155,373.9951362284394
76.15106317174723,43.39720947197196,50.93576171475502,368.4453763878571
61.82180633162611,49.37608722814208,49.33079481541521,368.1980283248513
10.112267612279025,31.027607292107433,60.01185545276626,381.0462999789364
8.410680611499743,16.86717143393214,28.379075285378775,402.94038116790864
70.096913145912,20.892293060774758,21.798415392360678,441.4966999042309
7.276300636419353,10.735627061898668,38.47579649547146,280.9462160384643
82.18600592903562,46.57195226241996,62.2808457641988,447.5148230540186
70.62422271564962,14.710043315605645,32.1112071273769,349.47670467903606
8.134878064189976,33.06065902057014,60.40594599949504,223.11748374029935
8.483771408519193,20.96220882748824,78.19472276643623,217.56527877319377
98.66395785011754,32.167120100631735,25.634042947365103,300.2714956088182
37.427079575612034,36.05681553407457,60.356127093507574,435.46909313344025
37.06421470668909,43.18967214828807,46.62501315827427,412.3042804222747
81.27995672575025,18.256850870424127,72.08853526265032,436.58448940172195
94.72485773838586,10.439833146339218,30.628987366843155,355.1807169324828
98.6001063822871,15.475425202752291,61.55755713356987,332.05969938664714
75.33781852589416,46.0007456739242,70.28691737888661,244.2357580118852
37.62595855309158,44.95560310250061,76.6768531684414,298.4578260827935
8.350071669866876,33.896524086812335,60.99488169737875,330.2058098521626
77.71469159274368,34.020674417346136,49.83048584050564,226.58012890388517
55.840424973580504,36.60146698185022,57.07083441207283,266.1835858133634
42.42220092469763,17.014851144937985,72.1342990687231,379.46758821912164
90.6354385094736,46.57647783699839,54.23658479832978,420.6989342717569
11.119748230615134,26.750820995682925,21.82322358181021,499.5042534178849
49.262510429085914,25.325541129979896,75.85692173041866,479.9339994030673
1.1353644767419069,30.7567082113135,61.37160506189367,392.7695598605575
46.86606419941263,11.878638671002202,60.59080314663479,326.3744159882216
5.630327568183735,16.651334750243176,32.94050914386303,390.8532094124698
11.881791626807193,39.52134465705482,59.53312821395943,435.6954854240696
11.752624677710488,13.311946717005059,43.63186433924951,235.5008572770162
64.92103021160635,34.12608437865553,59.07397862248953,322.97146690888644
74.60448792654233,19.813964387252838,26.395581818479442,451.9406856906852
58.336876509715964,25.571824561679062,59.47071827618216,315.1498855799132
96.21725484745419,21.547749470827995,79.96482354623998,371.561681368156
37.48705795237041,24.226908658597964,22.89272233163336,376.33080825865943
28.571208628186074,38.76183620736982,78.63045105327905,255.3428759400918
86.85991281894603,21.884868624927,44.41447764337224,308.6706324956865
22.359583851945263,32.656185611875884,72.24520702023554,300.35338662257965
96.32225394406113,29.042016087963987,66.94312904349641,207.85901255961943
1.2154474689816341,36.546846614505924,54.02097565920007,207.25752916740657
96.98788267076391,47.47318957299032,64.30695255507959,449.50911310273204
4.315991195057611,39.30288388841001,72.71093367808086,281.9212429918437
89.11431136980711,18.59761514363027,44.24841929906198,355.4236298716446
52.77011090862999,11.247325402451388,39.62198969379432,289.61767207663195
99.29647961193004,20.490561771993004,60.05560313381508,482.20377353460213
7.379656473539886,33.803117228010194,68.47075651647552,277.78902765973214
55.38542844013208,12.057032539370013,65.73710808659695,328.89704382168054
96.9302535619099,29.854649888049455,67.86881893151806,461.81907514538057
52.30978441701488,33.87371395667557,46.13499888877598,452.58007003754255
62.93986381352625,23.369755632678434,69.0700529705013,255.8304253538832
69.57486889846172,40.836488149832874,27.212543322236506,440.79299293871316
45.454106476777326,14.263930125350871,52.669345877650976,337.4560660213678
62.75580800840635,13.00551126943235,20.345519629887296,344.8906616256065
58.43143119231002,39.12755024814413,39.47514979401622,240.04399172478313
90.11580104909889,29.81965264824794,41.98769209228387,224.1804541271374
4.5446380341457875,37.536095857109444,43.770361496555324,418.38179209212956
28.096318959223034,27.39309354414985,61.72803240139173,348.9383457065899
95.04114840765587,19.856081329564272,43.31348607622074,331.0552107845539
89.02637838909163,42.764092706967986,46.921617357351835,418.852468595719
45.56567527857129,41.976635158759166,34.252647852459646,429.65386969733294
62.013259780153675,37.78785883417707,42.39510749776041,247.67245030080608
27.738118298113267,20.885805489198507,33.63617763578909,383.06754484329235
18.81211597237613,33.609226674763484,24.39175542610662,240.60622468330564
46.36984049399822,24.43895587760107,56.206915602882674,425.41252580871367
35.33522280260528,13.663282933065366,60.092767913300975,397.0865468801419
58.365611185087204,46.692543018489715,57.16942076057687,486.9843863250374
7.773463696498483,15.472745236758456,47.80964262803434,220.68740490692636
97.43948076661665,48.0094941528321,42.78714681075379,217.1164163453763
98.62107444796028,27.84023091831823,71.80001897430952,284.65612240796
